GDP (USD Billion),Population (Millions),Unemployment Rate (%),Average Age,Women (%),Men (%),Budget (USD Billion)
3.790909090909091,0.45,12.136363636363637,30.454545454545453,51.72727272727273,48.27272727272727,0.8818181818181817
2.0599999999999996,0.3,15.940000000000001,28.6,51.2,48.8,0.45999999999999996
103.5,7.18,10.5,32.0,52.0,48.0,18.0
1.1,0.065,13.8,26.5,50.5,49.5,0.15000000000000002
1.0,0.07,19.1,25.5,51.5,48.5,0.175
27.76666666666667,2.01,12.466666666666669,30.0,52.0,48.0,4.933333333333334
