GDP (USD Billion),Population (Millions),Unemployment Rate (%),Average Age,Women (%),Men (%),Budget (USD Billion)
27.76666666666667,2.01,12.466666666666669,30.0,52.0,48.0,4.933333333333334
4.237500000000001,0.48125000000000007,11.65,30.25,51.5,48.5,0.9875
2.525,0.3575,13.875,31.0,52.25,47.75,0.575
1.0,0.07,19.1,25.5,51.5,48.5,0.175
1.7,0.21666666666666667,15.35,27.5,50.833333333333336,49.166666666666664,0.35000000000000003
103.5,7.18,10.5,32.0,52.0,48.0,18.0
