GDP (USD Billion),Population (Millions),Unemployment Rate (%),Average Age,Women (%),Men (%),Budget (USD Billion)
44.1,2.57,11.2,31.0,53.0,47.0,7.5
1.8857142857142857,0.2557142857142857,15.085714285714285,27.714285714285715,50.857142857142854,49.142857142857146,0.39999999999999997
3.0500000000000003,0.376,12.429999999999998,30.7,51.9,48.1,0.67
103.5,7.18,10.5,32.0,52.0,48.0,18.0
16.566666666666666,1.4966666666666668,12.366666666666667,29.666666666666668,51.333333333333336,48.666666666666664,3.366666666666667
1.0,0.07,19.1,25.5,51.5,48.5,0.175
